timestamp,player,depth,num_legal_moves,time_seconds,nodes_visited,nodes_pruned,pruning_efficiency
2025-11-13 17:30:52.917,circle,4,48,0.485,13705,110169,88.94
2025-11-13 17:30:53.499,square,4,48,0.575,20041,139364,87.43
2025-11-13 17:30:54.175,circle,4,59,0.673,25720,168046,86.73
2025-11-13 17:30:54.823,square,4,59,0.646,22745,180935,88.83
2025-11-13 17:30:55.656,circle,4,63,0.831,29495,217439,88.06
2025-11-13 17:30:56.483,square,4,70,0.825,25789,229220,89.89
2025-11-13 17:30:57.275,circle,4,67,0.790,24060,233610,90.66
2025-11-13 17:30:58.369,square,4,74,1.092,32669,341412,91.27
2025-11-13 17:30:59.722,circle,4,78,1.351,43816,392158,89.95
2025-11-13 17:31:11.485,circle,4,48,0.484,13629,110245,89.00
2025-11-13 17:31:12.079,square,4,48,0.590,19666,139739,87.66
2025-11-13 17:31:12.804,circle,4,59,0.723,25033,168733,87.08
2025-11-13 17:31:13.476,square,4,59,0.669,23173,180507,88.62
2025-11-13 17:31:14.310,circle,4,63,0.832,29571,217363,88.02
2025-11-13 17:31:15.122,square,4,70,0.811,25753,229121,89.90
2025-11-13 17:31:15.977,circle,4,67,0.852,23858,233812,90.74
2025-11-13 17:31:17.161,square,4,74,1.182,32433,341648,91.33
2025-11-13 17:31:18.575,circle,4,78,1.412,44111,391939,89.88
2025-11-13 17:31:21.046,square,4,78,2.469,112562,585600,83.88
2025-11-13 17:31:24.525,circle,4,85,3.477,164614,835480,83.54
2025-11-13 17:31:26.028,square,4,86,1.500,34456,574669,94.34
2025-11-13 17:31:28.148,circle,4,90,2.118,85083,595512,87.50
2025-11-13 17:31:29.339,square,4,86,1.188,29168,385009,92.96
2025-11-13 17:31:30.913,circle,4,74,1.573,61531,438140,87.69
2025-11-13 17:31:30.936,square,4,86,0.020,347,3553,91.10
2025-11-13 17:31:30.956,circle,4,74,0.005,427,519,54.86
2025-11-13 17:31:30.986,square,4,86,0.002,235,0,0.00
2025-11-13 17:31:31.021,circle,4,74,0.004,419,0,0.00
2025-11-13 17:31:31.055,square,4,86,0.002,235,0,0.00
2025-11-13 17:31:31.639,circle,4,74,0.553,33600,83836,0.00
2025-11-13 17:31:34.601,square,4,96,2.959,134592,767582,85.08
2025-11-13 17:31:36.089,circle,4,74,1.487,54731,453822,89.24
2025-11-13 17:31:38.537,square,4,96,2.445,149203,492409,76.75
2025-11-13 17:31:41.209,circle,4,74,2.670,135992,651876,82.74
2025-11-13 17:31:54.876,square,4,107,13.665,996359,2192402,68.75
2025-11-13 17:31:56.430,circle,4,101,1.552,32712,595942,94.80
2025-11-13 17:31:58.152,square,4,98,1.721,60054,527172,89.77
2025-11-13 17:31:59.301,circle,4,82,1.147,22842,444630,95.11
2025-11-13 17:32:00.402,square,4,84,1.099,18941,401378,95.49
2025-11-13 17:32:03.202,circle,4,80,2.799,166132,502874,75.17
2025-11-13 17:32:07.191,square,4,74,3.987,214622,790074,78.64
2025-11-13 17:32:08.541,circle,4,70,1.348,46198,354821,88.48
2025-11-13 17:32:09.610,square,4,71,1.067,28407,332711,92.13
2025-11-13 17:32:11.996,circle,4,87,2.384,109167,552028,83.49
2025-11-13 17:32:13.137,square,4,81,1.139,25657,428917,94.36
2025-11-13 17:32:14.764,circle,4,86,1.625,34506,514585,93.72
2025-11-13 17:32:14.767,square,4,81,0.001,169,79,31.85
2025-11-13 17:32:14.802,circle,4,86,0.002,170,167,49.55
2025-11-13 17:32:14.836,square,4,81,0.001,168,0,0.00
2025-11-13 17:32:14.869,circle,4,86,0.002,168,0,0.00
2025-11-13 17:32:14.905,square,4,81,0.002,168,0,0.00
2025-11-13 17:32:26.992,circle,4,86,12.056,821568,1794110,0.00
2025-11-13 17:32:28.386,square,4,79,1.392,47996,453833,90.44
2025-11-13 17:32:30.338,circle,4,83,1.950,64392,549672,89.51
2025-11-13 17:32:31.684,square,4,90,1.344,23098,544809,95.93
2025-11-13 17:32:33.354,circle,4,77,1.668,38066,554593,93.58
2025-11-13 17:32:34.102,square,4,70,0.746,14710,284185,95.08
2025-11-13 17:32:34.105,circle,4,77,0.001,148,0,0.00
2025-11-13 17:32:34.140,square,4,70,0.002,228,72,24.00
2025-11-13 17:32:34.174,circle,4,77,0.001,148,0,0.00
2025-11-13 17:32:34.208,square,4,70,0.002,227,0,0.00
2025-11-13 17:32:34.242,circle,4,77,0.002,148,0,0.00
2025-11-13 17:32:34.421,square,4,70,0.147,7596,26312,0.00
2025-11-13 17:32:35.211,circle,4,79,0.788,14171,266875,94.96
2025-11-13 17:32:35.840,square,4,69,0.627,12741,211418,94.32
2025-11-13 17:32:42.022,circle,4,65,6.180,307933,601392,92.80
2025-11-13 17:32:43.168,square,4,79,1.144,41199,304572,88.08
2025-11-13 17:32:45.198,circle,4,75,2.029,46566,686943,93.65
2025-11-13 17:32:46.296,square,4,78,1.095,23561,343869,93.59
2025-11-13 17:32:48.736,circle,4,72,2.438,160999,337453,67.70
2025-11-13 17:32:50.608,square,4,94,1.870,37637,691513,94.84
2025-11-13 17:32:51.539,circle,4,67,0.929,27343,276402,91.00
2025-11-13 17:32:52.440,square,4,77,0.899,16564,294039,94.67
2025-11-13 17:32:53.871,circle,4,69,1.429,71397,317934,81.66
2025-11-13 17:32:55.141,square,4,86,1.268,39420,355375,90.02
2025-11-13 17:32:56.341,circle,4,67,1.198,56659,292562,83.78
2025-11-13 17:32:58.721,square,4,87,2.378,86192,640417,88.14
2025-11-13 17:33:00.295,circle,4,88,1.572,38294,534794,93.32
2025-11-13 17:33:02.113,square,4,90,1.816,66346,486950,88.01
2025-11-13 17:33:03.629,square,4,79,1.479,56082,389811,87.42
2025-11-13 17:33:04.936,square,4,96,1.271,22954,441998,95.06
2025-11-13 17:33:05.864,square,4,81,0.892,19850,299486,93.78
2025-11-13 17:33:09.237,square,4,81,3.337,200061,534646,72.77
2025-11-13 17:33:10.107,square,4,83,0.833,18541,260375,93.35
2025-11-13 17:47:51.459,circle,4,48,0.238,13668,110206,88.97
2025-11-13 17:47:51.749,square,4,48,0.285,19788,139617,87.59
2025-11-13 17:47:52.117,circle,4,59,0.365,25373,168393,86.91
2025-11-13 17:47:52.464,square,4,59,0.345,22785,180895,88.81
2025-11-13 17:47:52.904,circle,4,63,0.439,29968,217027,87.87
2025-11-13 17:47:53.345,square,4,70,0.438,25732,229142,89.90
2025-11-13 17:47:53.776,circle,4,67,0.429,23837,233895,90.75
2025-11-13 17:47:54.371,square,4,74,0.593,32878,341203,91.21
2025-11-13 17:47:55.109,circle,4,78,0.735,43706,392345,89.98
2025-11-13 17:47:56.578,square,4,78,1.467,111307,586830,84.06
2025-11-13 17:47:58.728,circle,4,85,2.148,166230,834421,83.39
2025-11-13 17:47:59.526,square,4,86,0.795,34140,575069,94.40
2025-11-13 17:48:06.393,circle,4,48,0.226,13763,110111,88.89
2025-11-13 17:48:06.690,square,4,48,0.293,19578,139827,87.72
2025-11-13 17:48:07.042,circle,4,59,0.350,25095,168671,87.05
2025-11-13 17:48:07.384,square,4,59,0.340,22972,180708,88.72
2025-11-13 17:48:07.810,circle,4,63,0.425,29430,217565,88.08
2025-11-13 17:48:08.248,square,4,70,0.436,26020,228927,89.79
2025-11-13 17:48:08.660,circle,4,67,0.410,23925,233809,90.72
2025-11-13 17:48:09.254,square,4,74,0.592,32566,341515,91.29
2025-11-13 17:48:09.979,circle,4,78,0.722,43558,392416,90.01
2025-11-13 17:48:11.444,square,4,78,1.463,111952,586123,83.96
2025-11-13 17:48:13.576,circle,4,85,2.131,165302,834170,83.46
2025-11-13 17:48:14.352,square,4,86,0.774,33989,575136,94.42
2025-11-13 17:48:15.634,circle,4,90,1.279,86121,594469,87.35
2025-11-13 17:48:16.229,square,4,86,0.593,28857,385319,93.03
2025-11-13 17:48:17.150,circle,4,74,0.919,61930,437831,87.61
2025-11-13 17:48:17.166,square,4,86,0.014,281,3403,92.37
2025-11-13 17:48:17.189,circle,4,74,0.002,421,140,24.96
2025-11-13 17:48:17.222,square,4,86,0.001,235,0,0.00
2025-11-13 17:48:17.258,circle,4,74,0.003,419,0,0.00
2025-11-13 17:48:17.292,square,4,86,0.002,235,0,0.00
2025-11-13 17:48:17.708,circle,4,74,0.385,33565,84796,0.00
2025-11-13 17:48:19.578,square,4,96,1.868,134279,768286,85.12
2025-11-13 17:48:20.440,circle,4,74,0.860,55247,453457,89.14
2025-11-13 17:48:22.134,square,4,96,1.692,151717,491067,76.40
2025-11-13 17:48:23.934,circle,4,74,1.798,133743,654908,83.04
2025-11-13 17:48:33.774,square,4,107,9.838,996625,2193287,68.76
2025-11-13 17:48:34.561,circle,4,101,0.784,33107,595734,94.74
2025-11-13 17:48:35.562,square,4,98,0.999,59430,527995,89.88
2025-11-13 17:48:36.141,circle,4,82,0.578,22552,445018,95.18
2025-11-13 17:48:36.672,square,4,84,0.529,18943,401382,95.49
2025-11-13 17:48:38.437,circle,4,80,1.763,167685,501044,74.92
2025-11-13 17:48:40.964,square,4,74,2.524,212748,792664,78.84
2025-11-13 17:48:41.680,circle,4,70,0.714,45300,355080,88.69
2025-11-13 17:48:42.244,square,4,71,0.562,28248,332722,92.17
2025-11-13 17:48:43.631,circle,4,87,1.385,108609,551363,83.54
2025-11-13 17:48:44.205,square,4,81,0.572,25413,429243,94.41
2025-11-13 17:48:45.008,circle,4,86,0.801,34135,514682,93.78
2025-11-13 17:48:45.011,square,4,81,0.001,169,79,31.85
2025-11-13 17:48:45.046,circle,4,86,0.002,171,248,59.19
2025-11-13 17:48:45.079,square,4,81,0.001,168,0,0.00
2025-11-13 17:48:45.113,circle,4,86,0.001,168,0,0.00
2025-11-13 17:48:45.148,square,4,81,0.002,168,0,0.00
2025-11-13 17:48:53.843,circle,4,86,8.663,818903,1787518,0.00
2025-11-13 17:48:54.694,square,4,79,0.849,47913,453992,90.45
2025-11-13 17:48:55.793,circle,4,83,1.097,64326,549951,89.53
2025-11-13 17:48:56.497,square,4,90,0.702,23043,545199,95.94
2025-11-13 17:48:57.350,circle,4,77,0.851,38045,554904,93.58
2025-11-13 17:48:57.743,square,4,70,0.391,14572,283817,95.12
2025-11-13 17:48:57.746,circle,4,77,0.001,148,0,0.00
2025-11-13 17:48:57.781,square,4,70,0.002,229,158,40.83
2025-11-13 17:48:57.814,circle,4,77,0.001,148,0,0.00
2025-11-13 17:48:57.848,square,4,70,0.002,227,0,0.00
2025-11-13 17:48:57.883,circle,4,77,0.002,148,0,0.00
2025-11-13 17:48:58.026,square,4,70,0.110,8107,27306,0.00
2025-11-13 17:48:58.392,circle,4,79,0.364,13989,267061,95.02
2025-11-13 17:48:58.691,square,4,69,0.297,12689,211470,94.34
2025-11-13 17:49:02.618,circle,4,65,3.926,313750,609933,92.81
2025-11-13 17:49:03.295,square,4,79,0.675,41766,303806,87.91
2025-11-13 17:49:04.316,circle,4,75,1.018,45827,688202,93.76
2025-11-13 17:49:04.855,square,4,78,0.537,23345,344085,93.65
2025-11-13 17:49:06.526,circle,4,72,1.669,159318,339607,68.07
2025-11-13 17:49:07.520,square,4,94,0.992,37558,691591,94.85
2025-11-13 17:49:08.027,circle,4,67,0.505,27123,276926,91.08
2025-11-13 17:49:08.446,square,4,77,0.417,16567,294106,94.67
2025-11-13 17:49:09.316,circle,4,69,0.868,70679,318444,81.84
2025-11-13 17:49:09.982,square,4,86,0.664,39857,355007,89.91
2025-11-13 17:49:10.730,circle,4,67,0.745,56361,292619,83.85
2025-11-13 17:49:12.105,square,4,87,1.373,85338,641123,88.25
2025-11-13 17:49:12.924,circle,4,88,0.817,38129,534961,93.35
2025-11-13 17:49:13.950,square,4,90,1.024,65809,487697,88.11
2025-11-13 17:49:16.895,circle,4,70,2.943,244455,833278,77.32
2025-11-13 17:49:19.166,square,4,79,2.268,190373,672884,77.95
2025-11-13 17:49:20.370,circle,4,79,1.203,92576,430557,82.30
2025-11-13 17:49:22.539,square,4,90,2.167,194340,640777,76.73
2025-11-13 17:49:23.208,circle,4,65,0.667,39996,334410,89.32
2025-11-13 17:49:25.345,square,4,89,2.135,192642,632686,76.66
2025-11-13 17:49:25.350,circle,4,65,0.002,532,23,4.14
2025-11-13 17:49:25.402,square,4,89,0.020,1266,3744,74.73
2025-11-13 17:49:25.417,circle,4,65,0.001,247,0,0.00
2025-11-13 17:49:25.452,square,4,89,0.001,222,0,0.00
2025-11-13 17:49:25.485,circle,4,65,0.002,247,0,0.00
2025-11-13 17:49:27.463,square,4,89,1.946,209505,313551,0.00
2025-11-13 17:49:28.094,circle,4,62,0.628,36099,333560,90.23
2025-11-13 17:49:29.511,square,4,90,1.416,109289,535461,83.05
2025-11-13 17:49:30.204,circle,4,67,0.690,12718,26343,92.49
2025-11-13 17:49:31.836,square,4,91,1.630,135079,554095,80.40
2025-11-13 17:49:32.905,circle,4,81,1.067,50415,673371,93.03
2025-11-13 17:49:34.269,square,4,109,1.362,84383,661365,88.68
2025-11-13 17:49:35.504,circle,4,80,1.233,64612,672455,91.23
2025-11-13 17:49:38.049,square,4,107,2.543,196679,932898,82.59
2025-11-13 17:49:38.843,circle,4,86,0.791,28259,639217,95.77
2025-11-13 17:49:39.669,square,4,101,0.825,33372,586860,94.62
2025-11-13 17:49:40.358,circle,4,85,0.687,25674,500200,95.12
2025-11-13 17:49:41.829,square,4,81,1.468,68719,980335,93.45
2025-11-13 17:49:42.622,circle,4,83,0.792,36423,497167,93.17
2025-11-13 17:49:43.600,square,4,77,0.975,55594,511570,90.20
2025-11-13 17:49:44.555,circle,4,77,0.953,59596,507834,89.50
2025-11-13 17:49:46.018,square,4,93,1.461,80227,765002,90.51
2025-11-13 17:49:46.806,circle,4,67,0.787,54675,393708,87.81
2025-11-13 17:49:48.078,square,4,90,1.270,76180,668976,89.78
2025-11-13 17:49:48.461,circle,4,60,0.381,19506,254577,92.88
2025-11-13 17:49:49.307,square,4,82,0.845,38420,547281,93.44
2025-11-13 17:49:49.310,circle,4,60,0.001,143,0,0.00
2025-11-13 17:49:49.345,square,4,82,0.001,143,0,0.00
2025-11-13 17:49:49.378,circle,4,60,0.001,143,0,0.00
2025-11-13 17:49:49.413,square,4,82,0.001,143,0,0.00
2025-11-13 17:49:49.446,circle,4,60,0.001,143,0,0.00
2025-11-13 17:49:53.219,square,4,82,3.740,354869,731660,0.00
2025-11-13 17:49:54.533,circle,4,69,1.311,120874,323668,72.81
2025-11-13 17:49:56.090,square,4,92,1.555,130679,471143,78.29
2025-11-13 17:49:57.178,circle,4,69,1.086,92992,316713,77.30
2025-11-13 17:49:58.441,square,4,81,1.261,62314,787331,92.67
2025-11-13 17:51:49.096,circle,4,48,0.224,13662,110212,88.97
2025-11-13 17:51:49.384,square,4,48,0.284,19471,139934,87.79
2025-11-13 17:51:49.744,circle,4,59,0.358,25247,168519,86.97
2025-11-13 17:51:50.093,square,4,59,0.347,22962,180780,88.73
2025-11-13 17:51:50.532,circle,4,63,0.437,29983,217012,87.86
2025-11-13 17:51:50.975,square,4,70,0.440,25580,229356,89.97
2025-11-13 17:51:51.401,circle,4,67,0.424,24075,233595,90.66
2025-11-13 17:51:51.993,square,4,74,0.590,32570,341511,91.29
2025-11-13 17:51:52.730,circle,4,78,0.735,43404,392643,90.05
2025-11-13 17:51:54.170,square,4,78,1.437,111376,587290,84.06
2025-11-13 17:51:56.270,circle,4,85,2.099,163269,836639,83.67
2025-11-13 17:51:57.070,square,4,86,0.797,34458,574751,94.34
2025-11-13 17:52:06.104,circle,4,48,0.221,13705,110169,88.94
2025-11-13 17:52:06.406,square,4,48,0.298,19823,139640,87.57
2025-11-13 17:52:06.769,circle,4,59,0.361,25189,168577,87.00
2025-11-13 17:52:07.127,square,4,59,0.356,22583,181161,88.92
2025-11-13 17:52:07.583,circle,4,63,0.454,29928,217006,87.88
2025-11-13 17:52:08.039,square,4,70,0.454,26237,228699,89.71
2025-11-13 17:52:08.464,circle,4,67,0.423,23638,234032,90.83
2025-11-13 17:52:09.058,square,4,74,0.591,32760,341321,91.24
2025-11-13 17:52:09.789,circle,4,78,0.729,43166,392884,90.10
2025-11-13 17:52:11.247,square,4,78,1.456,112061,586686,83.96
2025-11-13 17:52:13.395,circle,4,85,2.145,165086,834529,83.49
2025-11-13 17:52:14.261,square,4,86,0.864,34083,575031,94.40
2025-11-13 17:52:15.540,circle,4,90,1.277,85332,595331,87.46
2025-11-13 17:52:16.136,square,4,86,0.593,28512,385298,93.11
2025-11-13 17:52:17.041,circle,4,74,0.904,61025,439101,87.80
2025-11-13 17:52:17.058,square,4,86,0.014,282,3478,92.50
2025-11-13 17:52:17.087,circle,4,74,0.008,685,1299,65.47
2025-11-13 17:52:17.113,square,4,86,0.001,235,0,0.00
2025-11-13 17:52:17.149,circle,4,74,0.003,419,0,0.00
2025-11-13 17:52:17.182,square,4,86,0.002,235,0,0.00
2025-11-13 17:52:17.612,circle,4,74,0.398,33061,85671,0.00
2025-11-13 17:52:19.437,square,4,96,1.821,134447,768086,85.10
2025-11-13 17:52:20.289,circle,4,74,0.849,55011,453388,89.18
2025-11-13 17:52:21.968,square,4,96,1.676,151666,490755,76.39
2025-11-13 17:52:23.699,circle,4,74,1.727,135340,653184,82.84
2025-11-13 17:52:33.304,square,4,107,9.596,1003833,2185269,68.52
2025-11-13 17:52:34.091,circle,4,101,0.785,32778,595968,94.79
2025-11-13 17:52:35.076,square,4,98,0.982,59137,528143,89.93
2025-11-13 17:52:35.680,circle,4,82,0.602,22625,444945,95.16
2025-11-13 17:52:36.238,square,4,84,0.556,18950,401288,95.49
2025-11-13 17:52:38.014,circle,4,80,1.773,168407,500809,74.84
2025-11-13 17:52:40.581,square,4,74,2.564,213877,792112,78.74
2025-11-13 17:52:41.310,circle,4,70,0.727,46026,354725,88.52
2025-11-13 17:52:41.874,square,4,71,0.561,28478,332713,92.12
2025-11-13 17:52:43.311,circle,4,87,1.435,108169,552118,83.62
2025-11-13 17:52:43.897,square,4,81,0.584,25139,429599,94.47
2025-11-13 17:52:44.661,circle,4,86,0.761,34061,515004,93.80
2025-11-13 17:52:44.665,square,4,81,0.001,170,157,48.01
2025-11-13 17:52:44.699,circle,4,86,0.002,176,320,64.52
2025-11-13 17:52:44.732,square,4,81,0.001,168,0,0.00
2025-11-13 17:52:44.767,circle,4,86,0.001,168,0,0.00
2025-11-13 17:52:44.801,square,4,81,0.002,168,0,0.00
2025-11-13 17:52:53.396,circle,4,86,8.562,825465,1787691,0.00
2025-11-13 17:52:54.234,square,4,79,0.835,47046,454942,90.63
2025-11-13 17:52:55.278,circle,4,83,1.042,63320,550880,89.69
2025-11-13 17:52:55.944,square,4,90,0.664,23087,545228,95.94
2025-11-13 17:52:56.754,circle,4,77,0.808,38395,554477,93.52
2025-11-13 17:52:57.133,square,4,70,0.377,14675,283964,95.09
2025-11-13 17:52:57.135,circle,4,77,0.001,148,0,0.00
2025-11-13 17:52:57.171,square,4,70,0.001,228,72,24.00
2025-11-13 17:52:57.204,circle,4,77,0.001,148,0,0.00
2025-11-13 17:52:57.239,square,4,70,0.002,227,0,0.00
2025-11-13 17:52:57.272,circle,4,77,0.002,148,0,0.00
2025-11-13 17:52:57.411,square,4,70,0.106,7766,26043,0.00
2025-11-13 17:52:57.782,circle,4,79,0.368,14102,266871,94.98
2025-11-13 17:52:58.095,square,4,69,0.311,12700,211459,94.33
2025-11-13 17:53:02.126,circle,4,65,4.029,310649,604693,92.82
2025-11-13 17:53:02.786,square,4,79,0.658,41222,304688,88.08
2025-11-13 17:53:03.812,circle,4,75,1.024,46227,688355,93.71
2025-11-13 17:53:04.380,square,4,78,0.566,23481,343950,93.61
2025-11-13 17:53:06.149,circle,4,72,1.767,161923,336991,67.54
2025-11-13 17:53:07.164,square,4,94,1.013,37623,691236,94.84
2025-11-13 17:53:07.661,circle,4,67,0.495,26772,276973,91.19
2025-11-13 17:53:08.091,square,4,77,0.428,16753,293919,94.61
2025-11-13 17:53:08.978,circle,4,69,0.885,71186,317801,81.70
2025-11-13 17:53:09.656,square,4,86,0.676,39075,355915,90.11
2025-11-13 17:53:10.408,circle,4,67,0.750,56417,292742,83.84
2025-11-13 17:53:11.874,square,4,87,1.464,86115,639795,88.14
2025-11-13 17:53:12.669,circle,4,88,0.793,38533,534467,93.28
2025-11-13 17:53:13.726,square,4,90,1.055,66702,486445,87.94
2025-11-13 17:53:16.687,circle,4,70,2.958,245688,831475,77.19
2025-11-13 17:53:18.956,square,4,79,2.267,189968,672441,77.97
2025-11-13 17:53:20.150,circle,4,79,1.192,91813,431641,82.46
2025-11-13 17:53:22.369,square,4,90,2.217,191797,643768,77.05
2025-11-13 17:53:23.021,circle,4,65,0.650,39771,334839,89.38
2025-11-13 17:53:25.176,square,4,89,2.153,192526,632635,76.67
2025-11-13 17:53:25.181,circle,4,65,0.002,532,23,4.14
2025-11-13 17:53:25.222,square,4,89,0.009,768,1650,68.24
2025-11-13 17:53:25.248,circle,4,65,0.001,247,0,0.00
2025-11-13 17:53:25.282,square,4,89,0.002,222,0,0.00
2025-11-13 17:53:25.317,circle,4,65,0.002,247,0,0.00
2025-11-13 17:53:27.311,square,4,89,1.962,209214,311347,0.00
2025-11-13 17:53:27.920,circle,4,62,0.606,36321,333151,90.17
2025-11-13 17:53:29.373,square,4,90,1.451,108106,536377,83.23
2025-11-13 17:53:30.034,circle,4,67,0.659,12888,25433,92.53
2025-11-13 17:53:31.652,square,4,91,1.617,134337,554280,80.49
2025-11-13 17:53:32.682,circle,4,81,1.027,50164,674017,93.07
2025-11-13 17:53:34.002,square,4,109,1.318,84678,660873,88.64
2025-11-13 17:53:35.207,circle,4,80,1.202,64721,672565,91.22
2025-11-13 17:53:37.707,square,4,107,2.498,196668,932640,82.59
2025-11-13 17:53:38.524,circle,4,86,0.814,28462,638925,95.74
2025-11-13 17:53:39.399,square,4,101,0.873,33381,587118,94.62
2025-11-13 17:53:40.116,circle,4,85,0.714,26007,499954,95.06
2025-11-13 17:53:41.703,square,4,81,1.585,69712,978838,93.35
2025-11-13 17:53:42.515,circle,4,83,0.810,36271,497318,93.20
2025-11-13 17:53:43.484,square,4,77,0.967,54806,512437,90.34
2025-11-13 17:53:44.452,circle,4,77,0.966,60210,507143,89.39
2025-11-13 17:53:45.840,square,4,93,1.386,79290,765615,90.62
2025-11-13 17:53:46.650,circle,4,67,0.807,55338,393049,87.66
2025-11-13 17:53:47.949,square,4,90,1.297,76304,669586,89.77
2025-11-13 17:53:48.364,circle,4,60,0.413,19479,254688,92.90
2025-11-13 17:53:49.275,square,4,82,0.909,38866,547365,93.37
2025-11-13 17:53:49.277,circle,4,60,0.001,143,0,0.00
2025-11-13 17:53:49.312,square,4,82,0.001,143,0,0.00
2025-11-13 17:53:49.345,circle,4,60,0.001,143,0,0.00
2025-11-13 17:53:49.379,square,4,82,0.001,143,0,0.00
2025-11-13 17:53:49.414,circle,4,60,0.001,143,0,0.00
2025-11-13 17:53:53.124,square,4,82,3.677,355940,731792,0.00
2025-11-13 17:53:54.357,circle,4,69,1.230,121199,322966,72.71
2025-11-13 17:53:55.846,square,4,92,1.487,129495,473513,78.53
2025-11-13 17:53:56.966,circle,4,69,1.118,91825,318039,77.60
2025-11-13 17:53:58.232,square,4,81,1.264,61864,787745,92.72
2025-11-13 17:53:59.874,circle,4,93,1.640,105827,857349,89.01
2025-11-13 17:53:59.880,square,4,81,0.004,325,500,60.61
2025-11-13 17:53:59.916,circle,4,93,0.005,457,801,63.67
2025-11-13 17:53:59.945,square,4,81,0.002,254,0,0.00
2025-11-13 17:53:59.980,circle,4,93,0.001,175,0,0.00
2025-11-13 17:54:00.014,square,4,81,0.002,254,0,0.00
2025-11-13 17:54:01.549,circle,4,93,1.503,135034,404401,0.00
2025-11-13 17:54:02.986,square,4,83,1.435,95841,621456,86.64
2025-11-13 17:54:03.948,circle,4,94,0.960,58139,492109,89.43
2025-11-13 17:54:04.824,square,4,89,0.874,37366,522270,93.32
2025-11-13 17:54:07.177,circle,4,86,2.351,190227,797940,80.75
2025-11-13 17:54:08.330,square,4,97,1.151,54447,698256,92.77
2025-11-13 17:54:11.466,circle,4,86,3.134,246940,1251811,83.52
2025-11-13 17:54:12.521,square,4,92,1.053,56262,627987,91.78
2025-11-13 17:54:14.371,circle,4,87,1.848,122823,876716,87.71
2025-11-13 17:54:15.683,square,4,87,1.310,78220,705314,90.02
2025-11-13 17:54:16.576,circle,4,87,0.891,41439,593272,93.47
2025-11-13 17:54:18.329,square,4,80,1.751,127488,706771,84.72
2025-11-13 17:54:19.809,circle,4,85,1.478,80197,890808,91.74
2025-11-13 17:54:23.475,square,4,94,3.664,265635,1265653,82.65
2025-11-13 17:54:24.080,circle,4,79,0.603,32924,377404,91.98
2025-11-13 17:54:27.484,square,4,84,3.402,314999,829086,72.47
2025-11-13 17:54:28.076,circle,4,65,0.590,31810,360345,91.89
2025-11-13 17:54:28.948,square,4,84,0.870,61941,340465,84.61
2025-11-13 17:54:29.459,circle,4,75,0.508,18892,368830,95.13
2025-11-13 17:54:29.983,square,4,74,0.522,22938,343799,93.75
2025-11-13 17:54:30.419,circle,4,69,0.434,16097,320684,95.22
2025-11-13 17:54:31.459,square,4,75,1.038,73023,421586,85.24
2025-11-13 17:54:32.077,circle,4,86,0.615,24762,417254,94.40
2025-11-13 17:54:32.769,square,4,75,0.690,38994,411697,91.35
2025-11-13 17:54:33.326,circle,4,88,0.555,19181,406613,95.50
2025-11-13 17:54:33.329,square,4,75,0.001,165,67,28.88
2025-11-13 17:54:33.365,circle,4,88,0.002,242,182,42.92
2025-11-13 17:54:33.397,square,4,75,0.001,164,0,0.00
2025-11-13 17:54:33.432,circle,4,88,0.002,240,0,0.00
2025-11-13 17:54:33.466,square,4,75,0.001,164,0,0.00
2025-11-13 17:54:33.569,circle,4,88,0.070,5496,12665,0.00
2025-11-13 17:54:34.348,square,4,76,0.778,38441,519140,93.11
2025-11-13 17:54:35.118,circle,4,88,0.767,42504,421581,90.84
2025-11-13 17:54:42.394,square,4,85,7.274,616809,1911607,75.60
2025-11-13 17:54:43.741,circle,4,88,1.344,85310,651023,88.41
2025-11-13 17:54:46.063,square,4,83,2.320,204070,614949,75.08
2025-11-13 17:54:46.722,circle,4,78,0.657,28720,420955,93.61
2025-11-13 17:54:47.755,square,4,68,1.031,84027,360026,81.08
2025-11-13 17:54:48.411,circle,4,85,0.654,30619,398269,92.86
2025-11-13 17:54:50.027,square,4,69,1.614,153371,410131,72.78
2025-11-13 17:54:50.974,circle,4,116,0.945,38908,638188,94.25
2025-11-13 17:54:51.924,square,4,69,0.948,85035,279971,76.70
2025-11-13 17:54:52.726,circle,4,87,0.800,44844,448615,90.91
2025-11-13 17:54:57.903,square,4,74,5.175,484539,1045785,68.34
2025-11-13 17:54:58.758,circle,4,87,0.852,46817,465837,90.87
2025-11-13 17:55:00.266,square,4,87,1.506,85026,851842,90.92
2025-11-13 17:55:01.208,circle,4,82,0.940,61860,447076,87.85
2025-11-13 17:55:02.879,square,4,80,1.669,97813,832470,89.49
2025-11-13 17:55:03.931,circle,4,83,1.050,68417,524773,88.47
2025-11-13 17:55:07.539,square,4,80,3.606,293748,1200135,80.34
2025-11-13 17:55:08.442,circle,4,82,0.900,58202,463599,88.85
2025-11-13 17:55:09.474,square,4,78,1.031,57883,575525,90.86
2025-11-13 17:55:10.207,circle,4,73,0.730,39428,397898,90.98
2025-11-13 17:55:11.413,square,4,86,1.204,102489,372480,78.42
2025-11-13 17:55:12.112,circle,4,75,0.697,38971,425276,91.61
2025-11-13 17:55:14.812,square,4,84,2.697,227988,893031,79.66
2025-11-13 17:55:15.937,circle,4,74,1.123,76643,505605,86.84
2025-11-13 17:55:19.578,square,4,84,3.640,370341,691851,65.13
2025-11-13 17:55:20.455,circle,4,82,0.874,44335,550741,92.55
2025-11-13 17:55:22.449,square,4,88,1.992,217185,237156,52.20
2025-11-13 17:55:23.495,circle,4,89,1.043,47298,681211,93.51
2025-11-13 17:55:24.223,square,4,97,0.726,29333,510717,94.57
2025-11-13 17:55:24.788,circle,4,86,0.563,23593,398984,94.42
2025-11-13 17:55:25.637,square,4,76,0.848,48628,424342,89.72
2025-11-13 17:55:26.406,circle,4,79,0.767,44302,408817,90.22
2025-11-13 17:55:26.883,square,4,79,0.475,20794,318022,93.86
2025-11-13 17:55:29.761,circle,4,79,2.876,192719,1153795,85.69
2025-11-13 17:55:31.028,square,4,79,1.265,84697,556270,86.79
2025-11-13 17:55:31.911,circle,4,73,0.881,82021,235366,74.16
2025-11-13 17:55:32.661,square,4,101,0.748,31608,528643,94.36
2025-11-13 17:55:33.307,circle,4,70,0.644,41296,304330,88.05
2025-11-13 17:55:34.579,square,4,83,1.270,81069,575576,87.65
2025-11-13 17:55:36.158,circle,4,74,1.577,154711,342393,68.88
2025-11-13 17:55:36.790,square,4,87,0.630,28410,401744,93.40
2025-11-13 17:55:37.386,circle,4,78,0.592,27573,386110,93.33
2025-11-13 17:55:37.891,square,4,93,0.504,23221,301200,92.84
2025-11-13 17:55:38.375,circle,4,71,0.482,21831,298749,93.19
2025-11-13 17:55:48.052,square,4,76,9.675,1000648,1972152,66.34
2025-11-13 17:55:48.772,circle,4,72,0.718,47631,311784,86.75
2025-11-13 17:55:50.694,square,4,73,1.920,165086,574944,77.69
2025-11-13 17:55:51.361,circle,4,71,0.665,38232,342918,89.97
2025-11-13 17:55:57.085,square,4,79,5.722,544763,1496912,73.32
2025-11-13 17:55:57.090,circle,4,71,0.002,229,282,55.19
2025-11-13 17:55:57.138,square,4,79,0.017,1824,3167,63.45
2025-11-13 17:55:57.157,circle,4,71,0.001,225,0,0.00
2025-11-13 17:55:57.191,square,4,79,0.001,151,0,0.00
2025-11-13 17:55:57.225,circle,4,71,0.001,225,0,0.00
2025-11-13 17:56:00.883,square,4,79,3.626,379689,693523,0.00
2025-11-13 17:56:01.843,circle,4,73,0.957,71824,362557,83.47
2025-11-13 17:56:02.346,square,4,79,0.501,23641,298183,92.65
2025-11-13 17:56:03.062,circle,4,76,0.714,19589,31416,93.25
2025-11-13 17:56:09.125,square,4,81,6.060,578429,1536908,72.66
2025-11-13 17:56:09.608,circle,4,67,0.481,20902,307554,93.64
2025-11-13 17:56:09.634,square,4,81,0.024,3096,4386,58.62
2025-11-13 17:56:09.645,circle,4,67,0.002,376,64,14.55
2025-11-13 17:56:09.678,square,4,81,0.001,149,0,0.00
2025-11-13 17:56:09.712,circle,4,67,0.001,225,0,0.00
2025-11-13 17:56:09.746,square,4,81,0.001,149,0,0.00
2025-11-13 17:56:10.328,circle,4,67,0.549,53072,108763,0.00
2025-11-13 17:56:12.297,square,4,86,1.967,151206,757693,83.36
2025-11-13 17:56:13.106,circle,4,74,0.807,47171,439105,90.30
2025-11-13 17:56:21.558,square,4,80,8.450,847289,1936618,69.56
2025-11-13 17:56:22.271,circle,4,68,0.710,41347,371094,89.98
2025-11-13 17:56:23.679,square,4,81,1.406,104127,521009,83.34
2025-11-13 17:56:24.375,circle,4,71,0.695,29770,452422,93.83
2025-11-13 17:56:24.975,square,4,79,0.597,25678,368016,93.48
2025-11-13 17:56:25.474,circle,4,76,0.497,18398,344017,94.92
2025-11-13 17:56:28.114,square,4,81,2.638,179344,943064,84.02
2025-11-13 17:56:28.910,circle,4,76,0.794,46335,385060,89.26
2025-11-13 17:56:30.073,square,4,82,1.162,90516,444884,83.09
2025-11-13 17:56:30.736,circle,4,70,0.660,28792,434491,93.79
2025-11-13 17:56:32.001,square,4,79,1.263,114408,299228,72.34
2025-11-13 17:56:32.422,circle,4,70,0.419,15973,291983,94.81
2025-11-13 17:56:34.363,square,4,82,1.939,217959,242814,52.70
2025-11-13 17:56:34.905,circle,4,85,0.539,12325,424623,97.18
2025-11-13 17:56:35.013,square,4,82,0.106,7970,14385,64.35
2025-11-13 17:56:35.562,circle,4,89,0.546,12988,443717,97.16
